{
    "name": "root",
    "gauges": {
        "VolleyballAgent.Policy.Entropy.mean": {
            "value": 3.1896536350250244,
            "min": 3.1896536350250244,
            "max": 3.9878132343292236,
            "count": 47
        },
        "VolleyballAgent.Policy.Entropy.sum": {
            "value": 13166.890625,
            "min": 4942.71142578125,
            "max": 191415.03125,
            "count": 47
        },
        "VolleyballAgent.Environment.EpisodeLength.mean": {
            "value": 999.0,
            "min": 147.66666666666666,
            "max": 999.0,
            "count": 47
        },
        "VolleyballAgent.Environment.EpisodeLength.sum": {
            "value": 1998.0,
            "min": 404.0,
            "max": 43606.0,
            "count": 47
        },
        "VolleyballAgent.Step.mean": {
            "value": 999496.0,
            "min": 19808.0,
            "max": 999496.0,
            "count": 50
        },
        "VolleyballAgent.Step.sum": {
            "value": 999496.0,
            "min": 19808.0,
            "max": 999496.0,
            "count": 50
        },
        "VolleyballAgent.Policy.ExtrinsicValueEstimate.mean": {
            "value": -0.0805271565914154,
            "min": -0.16606715321540833,
            "max": -0.07925507426261902,
            "count": 50
        },
        "VolleyballAgent.Policy.ExtrinsicValueEstimate.sum": {
            "value": -1.610543131828308,
            "min": -26.827436447143555,
            "max": -1.5851014852523804,
            "count": 50
        },
        "VolleyballAgent.Environment.CumulativeReward.mean": {
            "value": -3.3413698026910423,
            "min": -7.383253645896912,
            "max": -0.8073126363955186,
            "count": 50
        },
        "VolleyballAgent.Environment.CumulativeReward.sum": {
            "value": -66.82739605382085,
            "min": -152.82680612802505,
            "max": -66.36129650473595,
            "count": 50
        },
        "VolleyballAgent.Policy.ExtrinsicReward.mean": {
            "value": -3.3413698026910423,
            "min": -7.383253645896912,
            "max": -0.8073126363955186,
            "count": 50
        },
        "VolleyballAgent.Policy.ExtrinsicReward.sum": {
            "value": -66.82739605382085,
            "min": -152.82680612802505,
            "max": -66.36129650473595,
            "count": 50
        },
        "VolleyballAgent.IsTraining.mean": {
            "value": 1.0,
            "min": 1.0,
            "max": 1.0,
            "count": 50
        },
        "VolleyballAgent.IsTraining.sum": {
            "value": 1.0,
            "min": 1.0,
            "max": 1.0,
            "count": 50
        },
        "VolleyballAgent.Losses.PolicyLoss.mean": {
            "value": 0.024120501651195808,
            "min": 0.021190985822440347,
            "max": 0.02970381699491381,
            "count": 41
        },
        "VolleyballAgent.Losses.PolicyLoss.sum": {
            "value": 0.024120501651195808,
            "min": 0.021190985822440347,
            "max": 0.02970381699491381,
            "count": 41
        },
        "VolleyballAgent.Losses.ValueLoss.mean": {
            "value": 0.0006165523483650759,
            "min": 0.0006165523483650759,
            "max": 0.032450346054420584,
            "count": 41
        },
        "VolleyballAgent.Losses.ValueLoss.sum": {
            "value": 0.0006165523483650759,
            "min": 0.0006165523483650759,
            "max": 0.032450346054420584,
            "count": 41
        },
        "VolleyballAgent.Policy.LearningRate.mean": {
            "value": 0.00030000000000000003,
            "min": 0.0003,
            "max": 0.00030000000000000003,
            "count": 41
        },
        "VolleyballAgent.Policy.LearningRate.sum": {
            "value": 0.00030000000000000003,
            "min": 0.0003,
            "max": 0.00030000000000000003,
            "count": 41
        },
        "VolleyballAgent.Policy.Epsilon.mean": {
            "value": 0.15,
            "min": 0.14999999999999997,
            "max": 0.15,
            "count": 41
        },
        "VolleyballAgent.Policy.Epsilon.sum": {
            "value": 0.15,
            "min": 0.14999999999999997,
            "max": 0.15,
            "count": 41
        },
        "VolleyballAgent.Policy.Beta.mean": {
            "value": 0.003,
            "min": 0.002999999999999999,
            "max": 0.003,
            "count": 41
        },
        "VolleyballAgent.Policy.Beta.sum": {
            "value": 0.003,
            "min": 0.002999999999999999,
            "max": 0.003,
            "count": 41
        }
    },
    "metadata": {
        "timer_format_version": "0.1.0",
        "start_time_seconds": "1755632091",
        "python_version": "3.10.12 | packaged by Anaconda, Inc. | (main, Jul  5 2023, 19:01:18) [MSC v.1916 64 bit (AMD64)]",
        "command_line_arguments": "C:\\Users\\autom\\miniconda3\\envs\\mlagents\\Scripts\\mlagents-learn config/VolleyballAgent.yaml --run-id=vball5test --force",
        "mlagents_version": "1.1.0",
        "mlagents_envs_version": "1.1.0",
        "communication_protocol_version": "1.5.0",
        "pytorch_version": "2.2.2+cpu",
        "numpy_version": "1.23.5",
        "end_time_seconds": "1755632902"
    },
    "total": 811.4681541000027,
    "count": 1,
    "self": 0.010476900002686307,
    "children": {
        "run_training.setup": {
            "total": 0.09699459999683313,
            "count": 1,
            "self": 0.09699459999683313
        },
        "TrainerController.start_learning": {
            "total": 811.3606826000032,
            "count": 1,
            "self": 0.4800140007864684,
            "children": {
                "TrainerController._reset_env": {
                    "total": 19.906663200003095,
                    "count": 1,
                    "self": 19.906663200003095
                },
                "TrainerController.advance": {
                    "total": 790.8661615992169,
                    "count": 21694,
                    "self": 0.4708520994754508,
                    "children": {
                        "env_step": {
                            "total": 414.12315790094726,
                            "count": 21694,
                            "self": 357.0669660010317,
                            "children": {
                                "SubprocessEnvManager._take_step": {
                                    "total": 56.75071540004865,
                                    "count": 21694,
                                    "self": 1.6673318997345632,
                                    "children": {
                                        "TorchPolicy.evaluate": {
                                            "total": 55.083383500314085,
                                            "count": 21086,
                                            "self": 55.083383500314085
                                        }
                                    }
                                },
                                "workers": {
                                    "total": 0.30547649986692704,
                                    "count": 21694,
                                    "self": 0.0,
                                    "children": {
                                        "worker_root": {
                                            "total": 791.6231956006959,
                                            "count": 21694,
                                            "is_parallel": true,
                                            "self": 495.49141410058655,
                                            "children": {
                                                "steps_from_proto": {
                                                    "total": 0.0017957999953068793,
                                                    "count": 1,