{
    "name": "root",
    "metadata": {
        "timer_format_version": "0.1.0",
        "start_time_seconds": "1755513793",
        "python_version": "3.10.12 | packaged by Anaconda, Inc. | (main, Jul  5 2023, 19:01:18) [MSC v.1916 64 bit (AMD64)]",
        "command_line_arguments": "C:\\Users\\autom\\miniconda3\\envs\\mlagents\\Scripts\\mlagents-learn config/VolleyballAgent.yaml --run-id=vball1 --force",
        "mlagents_version": "1.1.0",
        "mlagents_envs_version": "1.1.0",
        "communication_protocol_version": "1.5.0",
        "pytorch_version": "2.2.2+cpu",
        "numpy_version": "1.23.5",
        "end_time_seconds": "1755513848"
    },
    "total": 55.29340750000847,
    "count": 1,
    "self": 0.006189400010043755,
    "children": {
        "run_training.setup": {
            "total": 0.10092420000000857,
            "count": 1,
            "self": 0.10092420000000857
        },
        "TrainerController.start_learning": {
            "total": 55.18629389999842,
            "count": 1,
            "self": 0.004682199913077056,
            "children": {
                "TrainerController._reset_env": {
                    "total": 33.77063490000728,
                    "count": 1,
                    "self": 33.77063490000728
                },
                "TrainerController.advance": {
                    "total": 21.187054900074145,
                    "count": 204,
                    "self": 0.004263399954652414,
                    "children": {
                        "env_step": {
                            "total": 21.177769700123463,
                            "count": 204,
                            "self": 20.565614700171864,
                            "children": {
                                "SubprocessEnvManager._take_step": {
                                    "total": 0.6096085999743082,
                                    "count": 204,
                                    "self": 0.015459800066309981,
                                    "children": {
                                        "TorchPolicy.evaluate": {
                                            "total": 0.5941487999079982,
                                            "count": 204,
                                            "self": 0.5941487999079982
                                        }
                                    }
                                },
                                "workers": {
                                    "total": 0.002546399977291003,
                                    "count": 203,
                                    "self": 0.0,
                                    "children": {
                                        "worker_root": {
                                            "total": 15.006302700014203,
                                            "count": 203,
                                            "is_parallel": true,
                                            "self": 2.5365317999821855,
                                            "children": {
                                                "steps_from_proto": {
                                                    "total": 0.010215400005108677,
                                                    "count": 1,
                                                    "is_parallel": true,
                                                    "self": 0.0032515000057173893,
                                                    "children": {
                                                        "_process_rank_one_or_two_observation": {
                                                            "total": 0.0069638999993912876,
                                                            "count": 2,
                                                            "is_parallel": true,
                                                            "self": 0.0069638999993912876
                                                        }
                                                    }
                                                },
                                                "UnityEnvironment.step": {
                                                    "total": 12.459555500026909,
                                                    "count": 203,
                                                    "is_parallel": true,
                                                    "self": 0.04522659970098175,
                                                    "children": {
                                                        "UnityEnvironment._generate_step_input": {
                                                            "total": 0.11861330008832738,
                                                            "count": 203,
                                                            "is_parallel": true,
                                                            "self": 0.11861330008832738
                                                        },
                                                        "communicator.exchange": {
                                                            "total": 12.182138399992255,
                                                            "count": 203,
                                                            "is_parallel": true,
                                                            "self": 12.182138399992255
                                                        },
                                                        "steps_from_proto": {
                                                            "total": 0.11357720024534501,
                                                            "count": 203,
                                                            "is_parallel": true,
                                                            "self": 0.04542289991513826,
                                                            "children": {
                                                                "_process_rank_one_or_two_observation": {
                                                                    "total": 0.06815430033020675,
                                                                    "count": 406,
                                                                    "is_parallel": true,
                                                                    "self": 0.06815430033020675
                                                                }
                                                            }
                                                        }
                                                    }
                                                }
                                            }
                                        }
                                    }
                                }
                            }
                        },
                        "trainer_advance": {
                            "total": 0.005021799996029586,
                            "count": 203,
                            "self": 0.003331000145408325,
                            "children": {
                                "process_trajectory": {
                                    "total": 0.0016907998506212607,
                                    "count": 203,
                                    "self": 0.0016907998506212607
                                }
                            }
                        }
                    }
                },
                "trainer_threads": {
                    "total": 2.1000014385208488e-06,
                    "count": 1,
                    "self": 2.1000014385208488e-06
                },
                "TrainerController._save_models": {
                    "total": 0.22391980000247713,
                    "count": 1,
                    "self": 0.008359500003280118,