{
    "name": "root",
    "gauges": {
        "VolleyballAgent.Policy.Entropy.mean": {
            "value": 3.663444995880127,
            "min": 3.650618314743042,
            "max": 3.9870822429656982,
            "count": 109
        },
        "VolleyballAgent.Policy.Entropy.sum": {
            "value": 32531.392578125,
            "min": 1663.82275390625,
            "max": 191379.953125,
            "count": 109
        },
        "VolleyballAgent.Environment.EpisodeLength.mean": {
            "value": 971.9285714285714,
            "min": 201.0,
            "max": 999.0,
            "count": 109
        },
        "VolleyballAgent.Environment.EpisodeLength.sum": {
            "value": 27214.0,
            "min": 402.0,
            "max": 43602.0,
            "count": 109
        },
        "VolleyballAgent.Step.mean": {
            "value": 2379572.0,
            "min": 19656.0,
            "max": 2379572.0,
            "count": 119
        },
        "VolleyballAgent.Step.sum": {
            "value": 2379572.0,
            "min": 19656.0,
            "max": 2379572.0,
            "count": 119
        },
        "VolleyballAgent.Policy.ExtrinsicValueEstimate.mean": {
            "value": -0.04703942686319351,
            "min": -0.49627169966697693,
            "max": 0.04252312332391739,
            "count": 119
        },
        "VolleyballAgent.Policy.ExtrinsicValueEstimate.sum": {
            "value": -0.9878279566764832,
            "min": -14.888151168823242,
            "max": 0.8504624962806702,
            "count": 119
        },
        "VolleyballAgent.Environment.CumulativeReward.mean": {
            "value": -2.4095270066034224,
            "min": -5.999951171875,
            "max": 1.0037960052490233,
            "count": 119
        },
        "VolleyballAgent.Environment.CumulativeReward.sum": {
            "value": -50.600067138671875,
            "min": -120.73140811920166,
            "max": 21.733966827392578,
            "count": 119
        },
        "VolleyballAgent.Policy.ExtrinsicReward.mean": {
            "value": -2.4095270066034224,
            "min": -5.999951171875,
            "max": 1.0037960052490233,
            "count": 119
        },
        "VolleyballAgent.Policy.ExtrinsicReward.sum": {
            "value": -50.600067138671875,
            "min": -120.73140811920166,
            "max": 21.733966827392578,
            "count": 119
        },
        "VolleyballAgent.IsTraining.mean": {
            "value": 1.0,
            "min": 1.0,
            "max": 1.0,
            "count": 119
        },
        "VolleyballAgent.IsTraining.sum": {
            "value": 1.0,
            "min": 1.0,
            "max": 1.0,
            "count": 119
        },
        "VolleyballAgent.Losses.PolicyLoss.mean": {
            "value": 0.030960645360339965,
            "min": 0.02006032234930899,
            "max": 0.030960645360339965,
            "count": 96
        },
        "VolleyballAgent.Losses.PolicyLoss.sum": {
            "value": 0.030960645360339965,
            "min": 0.02006032234930899,
            "max": 0.030960645360339965,
            "count": 96
        },
        "VolleyballAgent.Losses.ValueLoss.mean": {
            "value": 0.35877320702586857,
            "min": 0.007259912631960343,
            "max": 0.4819605584655489,
            "count": 96
        },
        "VolleyballAgent.Losses.ValueLoss.sum": {
            "value": 0.35877320702586857,
            "min": 0.007259912631960343,
            "max": 0.4819605584655489,
            "count": 96
        },
        "VolleyballAgent.Policy.LearningRate.mean": {
            "value": 0.00030000000000000003,
            "min": 0.0003,
            "max": 0.00030000000000000003,
            "count": 96
        },
        "VolleyballAgent.Policy.LearningRate.sum": {
            "value": 0.00030000000000000003,
            "min": 0.0003,
            "max": 0.00030000000000000003,
            "count": 96
        },
        "VolleyballAgent.Policy.Epsilon.mean": {
            "value": 0.15,
            "min": 0.14999999999999994,
            "max": 0.15,
            "count": 96
        },
        "VolleyballAgent.Policy.Epsilon.sum": {
            "value": 0.15,
            "min": 0.14999999999999994,
            "max": 0.15,
            "count": 96
        },
        "VolleyballAgent.Policy.Beta.mean": {
            "value": 0.002999999999999999,
            "min": 0.002999999999999999,
            "max": 0.003,
            "count": 96
        },
        "VolleyballAgent.Policy.Beta.sum": {
            "value": 0.002999999999999999,
            "min": 0.002999999999999999,
            "max": 0.003,
            "count": 96
        }
    },
    "metadata": {
        "timer_format_version": "0.1.0",
        "start_time_seconds": "1755461882",
        "python_version": "3.10.12 | packaged by Anaconda, Inc. | (main, Jul  5 2023, 19:01:18) [MSC v.1916 64 bit (AMD64)]",
        "command_line_arguments": "C:\\Users\\autom\\miniconda3\\envs\\mlagents\\Scripts\\mlagents-learn config/VolleyballAgent.yaml --run-id=vball1 --force",
        "mlagents_version": "1.1.0",
        "mlagents_envs_version": "1.1.0",
        "communication_protocol_version": "1.5.0",
        "pytorch_version": "2.2.2+cpu",
        "numpy_version": "1.23.5",
        "end_time_seconds": "1755463547"
    },
    "total": 1665.4643174000012,
    "count": 1,
    "self": 0.006401300001016352,
    "children": {
        "run_training.setup": {
            "total": 0.09775989999616286,
            "count": 1,
            "self": 0.09775989999616286
        },
        "TrainerController.start_learning": {
            "total": 1665.360156200004,
            "count": 1,
            "self": 1.0635994995682267,
            "children": {
                "TrainerController._reset_env": {
                    "total": 34.633367999995244,
                    "count": 1,
                    "self": 34.633367999995244
                },
                "TrainerController.advance": {
                    "total": 1629.5575895004367,
                    "count": 50718,
                    "self": 1.1377240006477223,
                    "children": {
                        "env_step": {
                            "total": 746.6362369992275,
                            "count": 50718,
                            "self": 618.8377281987996,
                            "children": {
                                "SubprocessEnvManager._take_step": {
                                    "total": 127.09994550002011,
                                    "count": 50718,
                                    "self": 3.7488086003795615,
                                    "children": {
                                        "TorchPolicy.evaluate": {
                                            "total": 123.35113689964055,
                                            "count": 50001,
                                            "self": 123.35113689964055
                                        }
                                    }
                                },
                                "workers": {
                                    "total": 0.6985633004078409,
                                    "count": 50717,
                                    "self": 0.0,
                                    "children": {
                                        "worker_root": {
                                            "total": 1614.1450246989916,
                                            "count": 50717,
                                            "is_parallel": true,
                                            "self": 1142.447018398445,
                                            "children": {
                                                "steps_from_proto": {
                                                    "total": 0.007368500002485234,
                                                    "count": 1,