{
    "name": "root",
    "gauges": {
        "VolleyballAgent.Policy.Entropy.mean": {
            "value": 2.557805299758911,
            "min": 2.5487916469573975,
            "max": 3.9841744899749756,
            "count": 138
        },
        "VolleyballAgent.Policy.Entropy.sum": {
            "value": 100306.890625,
            "min": 1358.2548828125,
            "max": 161789.359375,
            "count": 138
        },
        "VolleyballAgent.Environment.EpisodeLength.mean": {
            "value": 54.36708860759494,
            "min": 11.437810945273633,
            "max": 167.2439024390244,
            "count": 138
        },
        "VolleyballAgent.Environment.EpisodeLength.sum": {
            "value": 42950.0,
            "min": 194.0,
            "max": 42950.0,
            "count": 138
        },
        "VolleyballAgent.Step.mean": {
            "value": 3019774.0,
            "min": 19976.0,
            "max": 3019774.0,
            "count": 151
        },
        "VolleyballAgent.Step.sum": {
            "value": 3019774.0,
            "min": 19976.0,
            "max": 3019774.0,
            "count": 151
        },
        "VolleyballAgent.Policy.ExtrinsicValueEstimate.mean": {
            "value": -0.04307716339826584,
            "min": -0.08008240163326263,
            "max": 0.07247645407915115,
            "count": 151
        },
        "VolleyballAgent.Policy.ExtrinsicValueEstimate.sum": {
            "value": -0.8615432381629944,
            "min": -30.629962921142578,
            "max": 116.46966552734375,
            "count": 151
        },
        "VolleyballAgent.Environment.CumulativeReward.mean": {
            "value": -0.894035679474473,
            "min": -2.956176308169961,
            "max": 0.05802618348321249,
            "count": 151
        },
        "VolleyballAgent.Environment.CumulativeReward.sum": {
            "value": -17.88071358948946,
            "min": -59.12352616339922,
            "max": 47.40739190578461,
            "count": 151
        },
        "VolleyballAgent.Policy.ExtrinsicReward.mean": {
            "value": -0.894035679474473,
            "min": -2.956176308169961,
            "max": 0.05802618348321249,
            "count": 151
        },
        "VolleyballAgent.Policy.ExtrinsicReward.sum": {
            "value": -17.88071358948946,
            "min": -59.12352616339922,
            "max": 47.40739190578461,
            "count": 151
        },
        "VolleyballAgent.IsTraining.mean": {
            "value": 0.0,
            "min": 0.0,
            "max": 1.0,
            "count": 151
        },
        "VolleyballAgent.IsTraining.sum": {
            "value": 0.0,
            "min": 0.0,
            "max": 1.0,
            "count": 151
        },
        "VolleyballAgent.Losses.PolicyLoss.mean": {
            "value": 0.02379925892382744,
            "min": 0.02010460124074598,
            "max": 0.029364580819674302,
            "count": 125
        },
        "VolleyballAgent.Losses.PolicyLoss.sum": {
            "value": 0.02379925892382744,
            "min": 0.02010460124074598,
            "max": 0.029364580819674302,
            "count": 125
        },
        "VolleyballAgent.Losses.ValueLoss.mean": {
            "value": 0.05290300925262272,
            "min": 0.007535540086861987,
            "max": 0.11794137051329016,
            "count": 125
        },
        "VolleyballAgent.Losses.ValueLoss.sum": {
            "value": 0.05290300925262272,
            "min": 0.007535540086861987,
            "max": 0.11794137051329016,
            "count": 125
        },
        "VolleyballAgent.Policy.LearningRate.mean": {
            "value": 0.0003,
            "min": 0.0003,
            "max": 0.0003,
            "count": 125
        },
        "VolleyballAgent.Policy.LearningRate.sum": {
            "value": 0.0003,
            "min": 0.0003,
            "max": 0.0003,
            "count": 125
        },
        "VolleyballAgent.Policy.Epsilon.mean": {
            "value": 0.14999999999999997,
            "min": 0.14999999999999997,
            "max": 0.14999999999999997,
            "count": 125
        },
        "VolleyballAgent.Policy.Epsilon.sum": {
            "value": 0.14999999999999997,
            "min": 0.14999999999999997,
            "max": 0.14999999999999997,
            "count": 125
        },
        "VolleyballAgent.Policy.Beta.mean": {
            "value": 0.0029999999999999996,
            "min": 0.0029999999999999996,
            "max": 0.003,
            "count": 125
        },
        "VolleyballAgent.Policy.Beta.sum": {
            "value": 0.0029999999999999996,
            "min": 0.0029999999999999996,
            "max": 0.003,
            "count": 125
        }
    },
    "metadata": {
        "timer_format_version": "0.1.0",
        "start_time_seconds": "1755896543",
        "python_version": "3.10.12 | packaged by Anaconda, Inc. | (main, Jul  5 2023, 19:01:18) [MSC v.1916 64 bit (AMD64)]",
        "command_line_arguments": "C:\\Users\\autom\\miniconda3\\envs\\mlagents\\Scripts\\mlagents-learn config/VolleyballAgent.yaml --run-id=vball8test --force",
        "mlagents_version": "1.1.0",
        "mlagents_envs_version": "1.1.0",
        "communication_protocol_version": "1.5.0",
        "pytorch_version": "2.2.2+cpu",
        "numpy_version": "1.23.5",
        "end_time_seconds": "1755898886"
    },
    "total": 2343.5651784000074,
    "count": 1,
    "self": 0.010835600012796931,
    "children": {
        "run_training.setup": {
            "total": 0.10188519999792334,
            "count": 1,
            "self": 0.10188519999792334
        },
        "TrainerController.start_learning": {
            "total": 2343.4524575999967,
            "count": 1,
            "self": 1.9553679029195337,
            "children": {
                "TrainerController._reset_env": {
                    "total": 8.476663699999335,
                    "count": 1,
                    "self": 8.476663699999335
                },
                "TrainerController.advance": {
                    "total": 2332.915549397061,
                    "count": 88107,
                    "self": 1.8415399968071142,
                    "children": {
                        "env_step": {
                            "total": 1152.2360835017607,
                            "count": 88107,
                            "self": 989.614284100302,
                            "children": {
                                "SubprocessEnvManager._take_step": {
                                    "total": 161.42097050086886,
                                    "count": 88107,
                                    "self": 4.924725299526472,
                                    "children": {
                                        "TorchPolicy.evaluate": {
                                            "total": 156.4962452013424,
                                            "count": 63000,
                                            "self": 156.4962452013424
                                        }
                                    }
                                },
                                "workers": {
                                    "total": 1.2008289005898405,
                                    "count": 88107,
                                    "self": 0.0,
                                    "children": {
                                        "worker_root": {
                                            "total": 2332.7022444004833,
                                            "count": 88107,
                                            "is_parallel": true,
                                            "self": 1533.607242903643,
                                            "children": {
                                                "steps_from_proto": {
                                                    "total": 0.0016885999939404428,