{"count":1,"self":2.5496448,"total":7.6119911999999994,"children":{"InitializeActuators":{"count":48,"self":0.0019943,"total":0.0019943,"children":null},"InitializeSensors":{"count":48,"self":0.0017009,"total":0.0017009,"children":null},"AgentSendState":{"count":1067,"self":0.024017999999999998,"total":0.2286579,"children":{"CollectObservations":{"count":10272,"self":0.0972405,"total":0.0972405,"children":null},"WriteActionMask":{"count":10272,"self":0.0049876999999999994,"total":0.0049876999999999994,"children":null},"RequestDecision":{"count":10272,"self":0.0315282,"total":0.1024117,"children":{"AgentInfo.ToProto":{"count":10272,"self":0.0249874,"total":0.0708835,"children":{"GenerateSensorData":{"count":10272,"self":0.045896099999999995,"total":0.045896099999999995,"children":null}}}}}}},"DecideAction":{"count":1067,"self":4.4614471999999994,"total":4.4614474,"children":null},"AgentAct":{"count":1067,"self":0.3630582,"total":0.3630582,"children":null},"AgentInfo.ToProto":{"count":338,"self":0.0029901,"total":0.0044905,"children":{"GenerateSensorData":{"count":338,"self":0.0015003999999999998,"total":0.0015003999999999998,"children":null}}}},"gauges":{"VolleyballAgent.CumulativeReward":{"count":338,"max":1.88236129,"min":-1.29529917,"runningAverage":0.214448184,"value":-0.5217947,"weightedAverage":0.172405571}},"metadata":{"timer_format_version":"0.1.0","start_time_seconds":"1755681624","unity_version":"6000.1.11f1","command_line_arguments":"C:\\Program Files\\Unity\\Hub\\Editor\\6000.1.11f1\\Editor\\Unity.exe -projectpath C:\\Users\\autom\\unity-projects\\Volleyball ML Test -useHub -hubIPC -cloudEnvironment production","communication_protocol_version":"1.5.0","com.unity.ml-agents_version":"3.0.0","scene_name":"SampleScene","end_time_seconds":"1755681632"}}