{"count":1,"self":63.9537152,"total":68.4326645,"children":{"InitializeActuators":{"count":72,"self":0.001989,"total":0.001989,"children":null},"InitializeSensors":{"count":72,"self":0.00099739999999999985,"total":0.00099739999999999985,"children":null},"AgentSendState":{"count":3143,"self":0.168179,"total":0.7786386,"children":{"CollectObservations":{"count":45288,"self":0.48573829999999996,"total":0.48573829999999996,"children":null},"WriteActionMask":{"count":45288,"self":0.030424299999999998,"total":0.030424299999999998,"children":null},"RequestDecision":{"count":45288,"self":0.094296999999999992,"total":0.094296999999999992,"children":null}}},"DecideAction":{"count":3143,"self":0.1877066,"total":0.1877066,"children":null},"AgentAct":{"count":3143,"self":3.508618,"total":3.5086180999999996,"children":null}},"gauges":{"VolleyballAgent.CumulativeReward":{"count":1506,"max":1.2822001,"min":-1.16079986,"runningAverage":-0.060608,"value":-1.0911001,"weightedAverage":-0.361737639}},"metadata":{"timer_format_version":"0.1.0","start_time_seconds":"1758965155","unity_version":"6000.1.11f1","command_line_arguments":"C:\\Program Files\\Unity\\Hub\\Editor\\6000.1.11f1\\Editor\\Unity.exe -projectpath C:\\Users\\autom\\unity-projects\\Volleyball ML Test -useHub -hubIPC -cloudEnvironment production","communication_protocol_version":"1.5.0","com.unity.ml-agents_version":"3.0.0","scene_name":"SampleScene","end_time_seconds":"1758965224"}}