{"count":1,"self":92.6724224,"total":481.68152519999995,"children":{"InitializeActuators":{"count":48,"self":0.0019942,"total":0.0019942,"children":null},"InitializeSensors":{"count":48,"self":0.0029950999999999997,"total":0.0029950999999999997,"children":null},"AgentSendState":{"count":66134,"self":1.880266,"total":13.457850599999999,"children":{"CollectObservations":{"count":634896,"self":5.7830832,"total":5.7830832999999995,"children":null},"WriteActionMask":{"count":634896,"self":0.4007174,"total":0.4007174,"children":null},"RequestDecision":{"count":634896,"self":1.5762265,"total":5.3937838,"children":{"AgentInfo.ToProto":{"count":634896,"self":1.2162986,"total":3.8175573,"children":{"GenerateSensorData":{"count":634896,"self":2.6012588,"total":2.6012587,"children":null}}}}}}},"DecideAction":{"count":66134,"self":351.46117119999997,"total":351.4611763,"children":null},"AgentAct":{"count":66134,"self":24.0650592,"total":24.0666583,"children":{"AgentInfo.ToProto":{"count":360,"self":0.0006028,"total":0.0015987999999999998,"children":{"GenerateSensorData":{"count":360,"self":0.000996,"total":0.000996,"children":null}}}}},"AgentInfo.ToProto":{"count":1364,"self":0.0039908999999999995,"total":0.017429999999999998,"children":{"GenerateSensorData":{"count":1364,"self":0.013439099999999999,"total":0.013439099999999999,"children":null}}}},"gauges":{"VolleyballAgent.CumulativeReward":{"count":1724,"max":1.15958166,"min":-10.776474,"runningAverage":-2.12737036,"value":-2.09503126,"weightedAverage":-2.67701244}},"metadata":{"timer_format_version":"0.1.0","start_time_seconds":"1755630470","unity_version":"6000.1.11f1","command_line_arguments":"C:\\Program Files\\Unity\\Hub\\Editor\\6000.1.11f1\\Editor\\Unity.exe -projectpath C:\\Users\\autom\\unity-projects\\Volleyball ML Test -useHub -hubIPC -cloudEnvironment production","communication_protocol_version":"1.5.0","com.unity.ml-agents_version":"3.0.0","scene_name":"SampleScene","end_time_seconds":"1755630952"}}